id,name,address,city,phone,type,merged_values
1,ARNMRT,4SLCB,los angeles,3102461501,american,
2,ARNMRT,4SLCB,los angeles,3102461501,steakhouses,
3,ARTSTL,1VB,studio city,8187621221,american,
4,ARTSTL,1VB,studio city,8187621221,delis,
5,HTLBLR,7SCR,bel air,3104721211,californian,
6,BLRHTL,7SCR,bel air,3104721211,californian,
7,KFBS,1VB,sherman oaks,8187883536,french,
8,KFBS,1VB,sherman oaks,8187883536,french bistro,
9,KMPNL,6SLBA,los angeles,2139381447,american,
10,KMPNL,6SLBA,los angeles,2139381447,californian,
11,KNSNMN,2MS,santa monica,3103929025,french,
12,KNSNMN,2MS,santa monica,3103929025,pacific new wave,
13,STRS,6MA,los angeles,2138570034,californian,
14,STRS,6MA,los angeles,2138570034,californian,
15,FNKS,8SBW,hollywood,2138486677,american,
16,FNKST0,8SB,w. hollywood,2138486677,french (new),
17,KRNT,2WMR,malibu,3104560488,californian,
18,KRNT,2WMR,malibu,3104560488,californian,
19,KRLN0L,9DW,los angeles,3102760615,american,
20,KRL0,9DW,beverly hills,3102760615,american (traditional),
21,RSTRNT,1NHA,los angeles,2136651891,asian,
22,KTS,1HA,los feliz,2136651891,japanese,
23,LRNJR,9NLCB,los angeles,3106529770,french,
24,LRNJR,9NLCB,w. hollywood,3106529770,french (classic),
25,LXRTN,8MA,los angeles,2136558880,french,
26,LXRTNL,8MA,los angeles,2136558880,french bistro,
27,LKNTFN,3S,los angeles,3102741893,italian,
28,LKNTFN,8WTS,los angeles,3102741893,italian,
29,MTSHS,1NLCB,beverly hills,3106599639,asian,
30,MTSHS,1NLCB,beverly hills,3106599639,seafood,
31,0PLM,9SMB,los angeles,3105508811,american,
32,PLM0LS,9SMB,w. hollywood,3105508811,steakhouses,
33,PTN,5MA,los angeles,2134671108,californian,
34,PTN,5MA,los angeles,2134671108,californian,
35,FLPS0R,1NAS,los angeles,2136283781,american,
36,FLP0RJ,1NAS,chinatown,2136283781,cafeterias,
37,PNTBST,1VB,los angeles,8189900500,french,
38,PNTBST,1VB,studio city,8189900500,french bistro,
39,RKSLRS,6SOS,los angeles,2136272300,italian,
40,RKSLRS,6SOS,los angeles,2136272300,nuova cucina italian,
41,SPK,1HA,los angeles,3106524025,californian,
42,SPKLSN,8SB,w. hollywood,3106524025,californian,
43,FLNTN,3PB,santa monica,3108294313,italian,
44,FLNTN,3PB,santa monica,3108294313,italian,
45,YJNKNK,6NRA,los angeles,8185850855,asian,
46,YJNKNK,6NRA,pasadena,8185850855,chinese,
47,KLB,2W5S,new york,2125827200,american,
48,KLB,2W5S,new york city,2125827200,american (new),
49,AKFT,1W5S,new york,2123077311,continental,
50,AKFT,1W5S,new york city,2123077311,scandinavian,
51,ARL,3E6S,new york,212 3191660,american,
52,ARL,3E6S,new york city,2123191660,american (new),
53,KFLL,2W8S,new york,2124966031,coffee bar,
54,KFLL,2W8S,new york city,2124966031,coffeehouses,
55,KFTSRT,1W6S,new york,2128773500,continental,
56,KFTSRT,1W6S,new york city,2128773500,french (classic),
57,KRMNS,2BB9A9S,new york,2123622200,italian,
58,KRMNS,2B,new york city,2123622200,italian,
59,KRNJTL,87AB5A5S,new york,2127572245,delicatessen,
60,KRNJTL,8SA,new york city,2127572245,delis,
61,KNTRL,2HSNHS,new york,2129666960,american,
62,KNTRL,2HS,new york city,2129666960,french (new),
63,TNL,2E7S,new york,2122880033,french,
64,TNL,2E7S,new york city,2122880033,french (new),
65,TWT,2E5S,new york,2123557555,asian,
66,TWT,2E5S,new york city,2123557555,indian,
67,FLT,2E5S,new york,2127581479,italian,
68,FLT,2E5S,new york city,2127581479,italian,
69,FRSSNS,9E5S,new york,2127549494,american,
70,FRSSNS,9E5S,new york city,2127549494,american (new),
71,K0MBRK,1E1S,new york,2126204020,american,
72,K0MBRK,1E1S,new york city,2126204020,american (new),
73,KRMRST,4E2SBPASAB,new york,2124770777,american,
74,KRMRST,4E2S,new york city,2124770777,american (new),
75,ISLNTS,4W4S,new york,2127651737,tel caribbean,
76,ISLNTS,4W4S,new york city,2127651737,caribbean,
77,JJ,1E6S,new york,2122235656,american,
78,JJ,1E6S,new york city,2122235656,french bistro,
79,LKRFL,3W5S,new york,2125864252,french,
80,LKRFL,3W5S,new york city,2125864252,french (classic),
81,LKTBSK,6W5SB5A6A,new york,2126886525,french,
82,LKTBSK,6W5S,new york city,2126886525,french (classic),
83,LBRNRT,1W5S,new york,2124891515,french,
84,LBRNRT,1W5S,new york city,2124891515,seafood,
85,LSSLBR,1CPS,new york,2124845113,french,
86,LSSLBR,1W5S,new york city,2124845113,french (classic),
87,LSPNS,2E5S,new york,2123396719,american,
88,LSPNSN,2E5S,new york city,2123396719,asian,
89,LTS,2E5S,new york,2127522225,french,
90,LTS,2E5S,new york city,2127522225,french (classic),
91,MNHTNS,5W5S,new york,212 3717777,seafood,
92,MNHTNS,5W5S,new york city,2123717777,seafood,
93,MRX,4E5S,new york,2127546272,american,
94,MRX,4E5S,new york city,2127546272,american (new),
95,MSKRL,15AB1A1S,new york,2128077400,american,
96,MSKRL,1FA,new york city,2128077400,southwestern,
97,MKSN,5JSOHS,new york,2126278273,mexican,
98,MKSN,5JS,new york city,2126278273,mexican,
99,MNTRXT,2WBBWAWS,new york,212 2192777,french,
100,MNTRXT,2WB,new york city,2122192777,french bistro,
101,OSN,5E5S,new york,2127595941,seafood,
102,OSN,5E5S,new york city,2127595941,seafood,
103,PRKFNK,1E6S,new york,2126441900,american,
104,PRKFNK,1E6S,new york city,2126441900,american (new),
105,PTRSN,1W5S,new york,2122452214,french,
106,PTRSN,1W5S,new york city,2122452214,russian,
107,PXLN,3W6S,new york,2127248585,mediterranean,
108,PXLN,3W6S,new york city,2127248585,mediterranean,
109,PSS,9AAA6S,new york,2122606660,seafood,
110,PSS,9AA,new york city,2122606660,seafood,
111,RNBRM,3RP,new york,2126325000,or 212/632-5100 american,
112,RNBRM,3RP,new york city,2126325000,american (new),
113,RFRKF,1WSATER,brooklyn,7185225200,american,
114,RFRKF,1WS,brooklyn,7185225200,american (new),
115,SNTMNK,2CPS,new york,2122655959,italian,
116,SNTMNK,2CPS,new york city,2122655959,italian,
117,SKNTFN,12AA1S,new york,2126770606,delicatessen,
118,SKNTFN,1SA,new york city,2126770606,delis,
119,SRN,1E5S,new york,2129809393,asian,
120,SRN,1E5S,new york city,2129809393,japanese,
121,XNLWST,4W6S,new york,2123718844,asian,
122,XNLPLS,1E5S,new york city,2123718844,chinese,
123,SNF0TF,13AA6S,new york,2128618080,american,
124,SNF0TF,1TA,new york city,2128618080,american (new),
125,SM0WLN,2E4S,new york,2127531530,american,
126,SM0WLN,7TA,new york city,2127531530,steakhouses,
127,TFRNN0,ICPA6S,new york,2128733200,american,
128,TFRNN0,CPW,new york city,2128733200,american (new),
129,UNKLNK,79AB5A5S,new york,2123151726,mediterranean,
130,UNKLNK,7NA,new york city,2122457992,greek,
131,UNNSKR,2E1S,new york,2122434020,american,
132,UNNSKR,2E1S,new york city,2122434020,american (new),
133,FRJLS,1W4S,new york,212 9219494,american,
134,FRJLSR,1W4S,new york city,2129219494,bbq,
135,KNS,3LVBS,las vegas,7027338899,asian,
136,KNS,3LVBS,las vegas,7027338899,chinese,
137,KYTKF,3LVBS,las vegas,7028917349,southwestern,
138,KYTKFL,3LVBS,las vegas,7028917349,southwestern,
139,LMNTRX,3WPR,las vegas,7027325111,continental,
140,LMNTRX,3PR,las vegas,7027325651,french bistro,
141,PLSKRT,3LVBS,las vegas,7027317547,continental,
142,PLSKRT,3LVBS,las vegas,7027317110,french (new),
143,SKNTST,2EFS,las vegas,7023853232,seafood,
144,SKNTST,2EFS,las vegas,7023856277,pacific rim,
145,STKHS,2LVBS,las vegas,7027340410,steak houses,
146,STKHS0,2LVBS,las vegas,7027340410,steakhouses,
147,TLRMN,2EFR,las vegas,7027314036,seafood,
148,TLRMN0,2EFR,las vegas,7027314036,steakhouses,
149,ABRS,2PRPBSC,atlanta,4042618186,italian,
150,ABRS,2PRN,atlanta,4042618186,italian,
151,BKXNL,3PRNPR,atlanta,4043650410,international,
152,BKXNL,3PR,atlanta,4043650410,californian,
153,BNS,3PR,atlanta,4042372663,american,
154,BNSRST,3PRN,atlanta,4042372663,steakhouses,
155,BRSRLK,3PRLSMNNM,atlanta,4042661440,french,
156,BRSRLK,3PR,atlanta,4042661440,french bistro,
157,BKHTTN,3PR,atlanta,4042623336,american,
158,BKHTTN,3PR,atlanta,4042623336,american (new),
159,SBLT,1PA,atlanta,4048747600,french,
160,SBLTRS,1PA,atlanta,4048747600,french (new),
161,TLKTBL,1MMS,atlanta,4046812909,american,
162,TLKTBL,1MMS,atlanta,4046812909,cafeterias,
163,JRJKRL,2PRPSSC,atlanta,4043523517,american,
164,JRJKRL,2PR,atlanta,4043523517,southwestern,
165,HJRSHT,4EPFR,atlanta,4042337673,international,
166,HJRSHT,4EPFRN,atlanta,4042337673,continental,
167,HRFNT,5PARSM,atlanta,4048764408,asian,
168,HRFNT,5PA,atlanta,4048764408,indian,
169,INTKKS,1NHA,atlanta,4048760676,caribbean,
170,INTKKS,1NHA,atlanta,4048760676,eclectic,
171,LKRT,2PRPHC,atlanta,4042311368,italian,
172,LKRT,2PRN,atlanta,4042311368,italian,
173,MRMKST,2PDLA,atlanta,4048761800,southern,
174,MRMKST,2PDLA,atlanta,4048761800,southern/soul,
175,NKLSRF,2CSAHS,atlanta,4042216362,continental,
176,NKLSRF,2CS,atlanta,4042216362,continental,
177,PNSNTP,1WPFR,atlanta,4042613662,international,
178,PNSPLS,1WPFR,atlanta,4042613662,american (new),
179,KFRTSK,3PR,atlanta,4042372700,ext 6108 international,
180,RTSKRL,3PRN,atlanta,4042372700,american (new),
181,TNNKRM,3PR,atlanta,4042372700,international,
182,RTSKRL,3PRN,atlanta,4042372700,american (new),
183,RSTRNT,1PS,atlanta,4046590400,continental,
184,RTSKRL,1PS,atlanta,4046590400,french (classic),
185,TLS,BPR,atlanta,4043519533,french,
186,TLS,2PR,atlanta,4043519533,french (new),
187,FNFTFS,41S,atlanta,4048758424,italian,
188,FNFTFS,41S,atlanta,4048758424,italian,
189,ALNRNT,1CS,san francisco,4153870408,french,
190,ALNRNT,1CS,san francisco,4153870408,french (new),
191,AK,2CS,san francisco,4159569662,seafood,
192,AK,2CS,san francisco,4159569662,american (new),
193,BLFRT,1MS,san francisco,4155436084,american,
194,BLFRT,1MS,san francisco,4155436084,american (new),
195,KFKLT,7CL,san francisco,4153923505,french,
196,KFKLT,7CL,san francisco,4153923505,french bistro,
197,KMPTNP,3SS,san francisco,4159555555,american,
198,KMPTNP,3SS,san francisco,4159555555,american (new),
199,KSMXL,8N,san francisco,4157757036,french,
200,KSMXL,8NPS,san francisco,4157757036,californian,
201,FLRTLS,7SS,san francisco,4156737779,french,
202,FLRTLS,7SS,san francisco,4156737779,french (new),
203,FRNKL,54S,san francisco,4155430573,french,
204,FRNKL,5FS,san francisco,4155430573,french bistro,
205,H0RNLN,2HS,san francisco,4157779779,american,
206,H0RNLN,2HS,san francisco,4157779779,californian,
207,KHNTK0,5GB,san francisco,4156686654,asian,
208,KHNTK0,5GB,san francisco,4156686654,thai,
209,LFL,2PS,san francisco,4157765577,french,
210,LFL,2PS,san francisco,4157765577,french (new),
211,LL,8FS,san francisco,4154955775,mediterranean,
212,LLRSTR,8FS,san francisco,4154955775,mediterranean,
213,MSS,6BS,san francisco,4159897154,french,
214,MSS,6BS,san francisco,4159897154,french (new),
215,MFNJPN,1PS,san francisco,4159220337,asian,
216,MFN,1PS,san francisco,4159220337,japanese,
217,PLMPJK,3FS,san francisco,4155634755,mediterranean,
218,PLMPJK,3FS,san francisco,4155634755,american (new),
219,PSTR,5PS,san francisco,4157767825,american,
220,PSTR,5PS,san francisco,4157767825,californian,
221,RTSKRL,6SS,san francisco,4152967465,american,
222,RTSKRL,6SS,san francisco,4152967465,french (new),
223,RSPSTL,5CA,san francisco,4153990499,italian,
224,RSPSTL,5CA,san francisco,4153990499,italian,
225,ATRNSR,2BGC,los angeles,3104759807,italian,
226,BRNKRN,9WB,beverly hills,3107775877,american,
227,BRFJ,2PCH,malibu,3104565733,french,
228,BSTRKR,1NCD,los angeles,3105503900,californian,
229,BRTRKR,4S,los angeles,3104511655,mexican,
230,BRTWTL,3SP,santa monica,3104510616,american,
231,KBR,3SLBA,los angeles,2139382863,italian,
232,KTLSL,4CB,los angeles,8189854669,italian,
233,KFPNT,7WFS,los angeles,2132396500,californian,
234,KLFRNP,2SBD,los angeles,3102751101,californian,
235,KNTRS,4NFA,los angeles,2136512030,american,
236,KF,3S,los angeles,2136588898,mediterranean,
237,KXX,6NVA,los angeles,2136647723,caribbean,
238,KNTR,3NLB,los angeles,2134671052,asian,
239,KLRWTR,1WCB,los angeles,8183560959,health food,
240,TNNKRM,9WB,los angeles,3102755200,californian,
241,TF,1SMB,los angeles,310788,dive american,
242,TRK,2WB,santa monica,3108281585,italian,
243,TRS,7NLCB,los angeles,3103588585,french,
244,TNSTRM,9HA,los angeles,3102088765,continental,
245,EKLPS,8MA,los angeles,3107245959,californian,
246,ETTBFK,1NLC,los angeles,3106591952,american,
247,ELXL,1SWA,los angeles,2137342773,mexican,
248,JLLNTS,2MS,santa monica,3103923901,american,
249,KLTSTN,4F1PCHASB,pacific palisades,3104543474,american,
250,HRTRKK,8BB,los angeles,3102767605,american,
251,HRSBRM,2AOTS,los angeles,3102772333,italian,
252,ILFRNK,3NBD,los angeles,3105508330,italian,
253,JKSPRT,1WPB,los angeles,3108376662,health food,
254,JKSNSF,4NBD,los angeles,3102735578,californian,
255,jimmy's,201 moreno dr.,los angeles,310/552-2394,continental,
256,JS,9SB,los angeles,3102761886,asian,
257,LKLNL,8BB,los angeles,3102890660,asian,
258,LTM,8SB,los angeles,3106596919,french,
259,LSSTRT,4LFB,los angeles,2136670777,italian,
260,MNKSFT,6NSS,los angeles,2136286717,asian,
261,MRTNS,8MA,los angeles,3102765205,american,
262,NTNLS,4NBD,los angeles,3102740101,american,
263,NKL,6SFS,los angeles,2134850927,american,
264,OSNFN,1OA,santa monica,3103945669,american,
265,ORLNS,1NB,los angeles,3104794187,cajun,
266,PSFKTN,6S,los angeles,2134836000,american,
267,PTS,1RD,toluca lake,8187619126,american,
268,PNTHLW,1NGS,los angeles,2134618800,californian,
269,PST,1VB,sherman oaks,8187844400,italian,
270,PRK,3NCD,los angeles,3102777346,italian,
271,RJS0RB,2NBD,los angeles,3102747427,american,
272,RM,3SP,santa monica,3103936545,italian,
273,RSTRNT,1SSPS,los angeles,2136809355,asian,
274,RSKSHS,1NGS,los angeles,2134669329,american,
275,SKTSNM,3MS,los angeles,3103994800,continental,
276,SF,3S,los angeles,2136510346,mediterranean,
277,SWNJRS,8BB,los angeles,2136535858,american,
278,TFLKLT,7MA,los angeles,2136586340,italian,
279,0MNTRN,4NCD,los angeles,3108590926,asian,
280,TMTNKS,7MA,los angeles,2139375733,asian,
281,TRTN,3CCR,los angeles,3104560169,italian,
282,TRTRFK,9WB,los angeles,3102766345,asian,
283,FT,1NHA,los feliz,2136604446,american,
284,WSTBXK,6NVB,los angeles,3108235396,american,
285,MT,2MSBBAPS,new york,2129640380,asian,
286,JNSSTR,9JS,new york,2129891220,american,
287,ATRN,75AA5S,new york,2129033918,french,
288,AKRTKN,3E1SB1A2A,new york,2124732602,mediterranean,
289,AJ,9BA2S,new york,2124738388,american,
290,ALM,3E4S,new york,212 7590590,mexican,
291,ALSNT,3W1S,new york,2126278899,american,
292,AMBSTR,1UNPA4S,new york,2127025014,american,
293,AMRKNP,2PAA3S,new york,2126842122,american,
294,ANXFFL,2E5SB2A3A,new york,2123080112,italian,
295,ARSN,22E6S,new york,2128380440,american,
296,ARTRS,1WHSOTS,new york,2126773820,italian,
297,AMNTRN,2VSWFC,new york,2123850313,asian,
298,BRNS,13AB6A6S,new york,2123551112,mediterranean,
299,BRBT,3W4S,new york,2122469171,italian,
300,BNBNSN,1W5S,new york,2125818888,american,
301,BKKP,28AB2A2S,new york,2122060059,coffee bar,
302,BLS,91AB5A5S,new york,2127531870,american,
303,BKXK,11AN1S,new york,2124730108,latin american,
304,BL,2E2S,new york,2122282200,mediterranean,
305,BN0,12AB7A7S,new york,2122498484,asian,
306,BTRN,4E5SO1A,new york,2127580323,french,
307,BR0RSB,2VSACS,new york,2127272775,american,
308,BRN,2E5S,new york,2126884190,italian,
309,BRYNTP,2W4SB5A6A,new york,2128406500,american,
310,K,1WPNWS,new york,2122541200,american,
311,KT,1E2SBPASALA,new york,2129958500,french,
312,KFBNK,12AB7A7S,new york,2129882655,coffee bar,
313,KFBTNK,1CPS,new york,2124845120,french,
314,KFLFRT,6W7S,new york,2127245846,coffee bar,
315,KFLKSM,2W7S,new york,2128737411,french,
316,KFPR,2E6S,new york,2129408185,french,
317,KFSNTR,2PAB4SAVA,new york,2128181222,french,
318,KFFS,2W4SACS,new york,2129247653,mediterranean,
319,KFTNT,8MSBHABS,new york,2129825275,coffee bar,
320,KFTLRT,4GA,new york,2126454431,coffee bar,
321,KFLR,1SSBHABS,new york,2124732642,french,
322,KFRK,1MSB3ABS,new york,2124759557,coffee bar,
323,KFRM,3BSAM,new york,2122268413,coffee bar,
324,KFFFLT,3JSABS,new york,2126917538,coffee bar,
325,KFBNTR,7W2S,new york,2126918136,italian,
326,KPSTFR,4WSNWS,new york,2129664900,french,
327,KPTNST,82AA4S,new york,2126979538,seafood,
328,KSLFM,1WSBHAPS,new york,2125050005,middle eastern,
329,SNTRLN,4MSBBAGS,new york,2123439012,asian,
330,KSJKKL,7MSBWHABS,new york,2125050727,french,
331,KM,1E4S,new york,2123712323,asian,
332,KNKRL,6W5S,new york,2123337788,american,
333,ST,1W5S,new york,2129567100,french,
334,KKPS,2E7S,new york,2127940205,italian,
335,KLMBSB,5S,new york,2124210334,coffee bar,
336,KRTKF,13AB6A6S,new york,2127535100,coffee bar,
337,KPKKKF,59AA3S,new york,2124651530,coffee bar,
338,TNK,1MSBGABS,new york,2123431212,italian,
339,TNTLK,1PS,new york,2122548776,coffee bar,
340,TF,3WBNGS,new york,2129419024,italian,
341,TKSTSP,1W1S,new york,2126458023,french,
342,TKS,63AA4S,new york,212 9868080,seafood,
343,TNPRKK,1DSBWBAHS,new york,2127325555,american,
344,ELTTS,2WBBFAWS,new york,2129417070,mexican,
345,EMLS,15AA1S,new york,2129961212,american,
346,EMPRKR,6E3S,new york,2127251333,asian,
347,ERNS,2BB7A7S,new york,2124961588,american,
348,EFRKRN,11AA6S,new york,2127443266,asian,
349,FLPNTR,3DSNWS,new york,2122264621,italian,
350,FLKS,3WBAGS,new york,2124310021,french,
351,FRR,2E6S,new york,2127729000,french,
352,FFTSFN,5E5S,new york,2127585757,american,
353,FLMSNT,69AB4A4S,new york,212 2622525,american,
354,FRLSRM,1BB6A6S,new york,2125955330,italian,
355,FRHS,5CAB8A8S,new york,2125953139,american,
356,FRST,81AB5A6S,new york,2126743823,american,
357,FXNT,7W7S,new york,2128743474,seafood,
358,FLRTJR,3E6S,new york,2123552020,coffee bar,
359,FLWRS,2W1SB5A6A,new york,2126918888,american,
360,FLNK,6W2S,new york,2126916359,italian,
361,FRNSST,5PSABS,new york,2122690144,american,
362,FRNXRS,46AA1S,new york,2125332233,french,
363,FRNXRS,2BA8S,new york,2127991533,coffee bar,
364,FRKBR,4W4SO9A,new york,2125647272,italian,
365,FJYMMM,4CAB8A8S,new york,2127691144,asian,
366,KBRLS,6AAA9S,new york,2129610574,mexican,
367,KLKRS,2W5S,new york,2122455336,american,
368,JNS,1FS,new york,2126087300,seafood,
369,JRF,2E5SB2A3A,new york,2127523054,italian,
370,KLBL,392AB5A6S,new york,2124778427,american,
371,KLTNNK,1EBACS,new york,212 9410911,asian,
372,KRNTTS,2TSBW3ABS,new york,2127775922,italian,
373,HLSYN,1W5SITRRH,new york,2124688888,american,
374,HRTRKK,2W5S,new york,2124896565,american,
375,HLFRST,11AA7S,new york,2122493600,american,
376,HM,2CSBBAW4S,new york,2122439579,american,
377,HTSNRF,4WFC,new york,2127861500,american,
378,ITRL,1E2SBLAPA,new york,2124817372,italian,
379,ILKRTL,1MSBCAHS,new york,2122266060,italian,
380,ILNT,2E5S,new york,2127538450,italian,
381,INKKRL,4BSNWB,new york,2129663371,latin american,
382,INTXN,4LSB4SAAP,new york,2125055111,asian,
383,INTRNT,8E3SB1A2A,new york,212 6140747,coffee bar,
384,IPNM,1W4S,new york,2127305848,latin american,
385,JNLFT,6W5S,new york,2127512323,french,
386,JWLFNT,1W4S,new york,2128695544,asian,
387,JMSNKS,2E4SB2A3A,new york,2126825678,asian,
388,JLN,3W4S,new york,2125816464,american,
389,JTSNKR,1W5S,new york,2125825252,american,
390,LBSN0,2E6S,new york,2127944950,french,
391,LBRJ,11AB6A6S,new york,2122888791,middle eastern,
392,LBRJTM,3W4SBW1ABS,new york,2122424705,french,
393,LT,4LSNAP,new york,2123880978,french,
394,LRSRF,4W4S,new york,2122472993,french,
395,LNSRST,11AB1A1S,new york,2126747014,italian,
396,LTNSRS,3W4S,new york,2123150980,italian,
397,LL,2WBAFS,new york,2124310700,middle eastern,
398,LXNTL,1E5S,new york,2127512931,french,
399,LKLNL,1E5S,new york,212 7520808,asian,
400,LKMN,5MSBHAPS,new york,2122544678,coffee bar,
401,LJRTN,2CPNSS,new york,2123439599,french,
402,LMTR,1W1S,new york,2127278022,italian,
403,LMRS,1W4S,new york,2128690900,american,
404,LPRKRT,4E5S,new york,2127556244,french,
405,LSLKT,5CAB8A8S,new york,2128751993,american,
406,LSHLS,4PASB2A2S,new york,2126794111,french,
407,LNKLNT,5W6S,new york,2127218271,american,
408,LL,3W2SB5A6A,new york,2126756700,american,
409,LKSTRK,5GSBWSAWB,new york,2129410479,or 212/941-0772 american,
410,MTFX,2BB7A7S,new york,2127870202,seafood,
411,MNSTRT,4CAB8A8S,new york,2128735025,american,
412,MNJBF,89AA5S,new york,2129563976,italian,
413,MNHTNK,11AB6A6S,new york,2128886556,american,
414,MNLKRT,3E1SB1A2A,new york,2127776314,asian,
415,MRX,3E4SB1A2A,new york,2123701866,french,
416,MRKTPT,1E1SB5AAUP,new york,2122299313,coffee bar,
417,MX,1MSBHAPS,new york,2129069173,american,
418,MTS,13AA6S,new york,2128384343,american,
419,MFLPLS,4E2S,new york,2126795535,asian,
420,MLNKFN,1W2S,new york,2128071801,coffee bar,
421,MNKBR,6E5S,new york,2128382600,american,
422,MNTN,11AB6A6S,new york,2124214433,asian,
423,MRTNS,55AA4S,new york,2129723315,american,
424,MTNKF,1W5SN6A,new york,2125818030,american,
425,NYRKKM,3W3S,new york,212 9478482,asian,
426,NYRKNT,21BABS,new york,2123490923,asian,
427,NSBR,2W1S,new york,2122553996,coffee bar,
428,OTN,1WBATS,new york,2122330507,american,
429,ORS,3W4S,new york,2124897212,italian,
430,OSTRLT,1W4S,new york,2129443643,italian,
431,OTB,6E5S,new york,2122237575,asian,
432,PSFK,1LSBCAHS,new york,2129414168,asian,
433,PL,1W5S,new york,2122454850,italian,
434,PMR,11AA5S,new york,2126449258,middle eastern,
435,PRLRMN,2E8S,new york,2122882391,italian,
436,PTR,2PASA2S,new york,2127776211,latin american,
437,PKKL,3PAB4A5S,new york,2128724895,french,
438,PNPNSL,2E4S,new york,2126828660,american,
439,PNNKSH,1SSBGAMS,new york,2122748883,asian,
440,PRSPLS,12AB7A7S,new york,2125351100,middle eastern,
441,PLNTHL,1W5S,new york,2123337827,american,
442,PMR,3W4SO9A,new york,212 9563055,latin american,
443,PPFRKF,5AAB8A8S,new york,2125958555,american,
444,PSTHS,2E6S,new york,2129352888,american,
445,RN,1W8S,new york,2125010776,asian,
446,RTTLP,4E7S,new york,2127344893,eastern european,
447,RM,1W5S,new york,2125814242,italian,
448,RPBLK,3USWB1A1S,new york,2126277172,asian,
449,RTLK,1E7SB1AAAA,new york,2126744140,continental,
450,RSMKSK,11AA5S,new york,2127537407,mexican,
451,R0SXRS,1W5S,new york,2122459600,american,
452,SPKR,1MSBHAGS,new york,2129253120,italian,
453,SLN0NS,5IP,new york,2129829030,italian,
454,SMSRMN,1CSADS,new york,2126730330,east european,
455,SNPTR,1E5S,new york,2127539015,italian,
456,SNTMBR,1MAB7A7S,new york,2125702211,coffee bar,
457,SRB0SK,4AAB8A8S,new york,2124966280,american,
458,SKRL,1W4S,new york,2123327610,seafood,
459,SRNTPT,32E6S,new york,2128383531,american,
460,SFN0RJ,6PAA6S,new york,2127444107,american,
461,SFS,5W6S,new york,2128733700,american,
462,XN,5W4S,new york,212 9778400,asian,
463,SFFBLS,1MAN7S,new york,2127342676,italian,
464,SPRNKS,6SSALS,new york,2129660290,american,
465,STJTL,87AB5A5S,new york,2122457850,delicatessen,
466,STNKR,4AAB8A8S,new york,2125017515,seafood,
467,SWTNTR,7MSACS,new york,2123348088,asian,
468,TSLN,1MSAPS,new york,2129253700,coffee bar,
469,TNKPFL,6W5S,new york,2129566888,asian,
470,TPK,98AA5S,new york,212 3973737,american,
471,TRSS,11AB6A7S,new york,2122280604,east european,
472,TRS,4W1SBAAMA,new york,2126669490,continental,
473,0KFPT,39AA4S,new york,2122653566,coffee bar,
474,0SFNKL,2BA8S,new york,2124961066,american,
475,TRTRTL,97AB5A5S,new york,2122459800,italian,
476,TRNKL,3E8S,new york,2124724488,italian,
477,TRBKKR,3GSNFS,new york,2129413900,american,
478,TRSJN,1E7SBLA3A,new york,2129884858,coffee bar,
479,TSYNK,3E5S,new york,2126885447,asian,
480,TRKXKX,33AB2A2S,new york,2126791810,middle eastern,
481,TWTWTW,2W7S,new york,2127990400,american,
482,FNRSPS,3E1SN1A,new york,2126747264,coffee bar,
483,FRBN,5IPA1S,new york,2122605454,american,
484,FKTRSK,52W5S,new york,2125867714,latin american,
485,FNSTS,7W6S,new york,2127210068,american,
486,FNK,2E5S,new york,2124869592,american,
487,WTRKLB,5E3S,new york,2126833333,american,
488,WST,6SS4W6S,new york,2122466363,american,
489,SNT,11AB1A1S,new york,2126140620,mediterranean,
490,SNPLT,3USEA1S,new york,2126149291,and 212/614-9345 asian,
491,S,9PSBBAMS,new york,2129666722,american,
492,AB,1PDLA,atlanta,4048768532,international,
493,ALKSBR,7MLKJD,atlanta,4045252062,barbecue,
494,ANS0KS,3RR,atlanta,4042649546,asian,
495,AN0NS,3PRJSOPR,atlanta,4042627379,american,
496,ATLNTF,2PR,atlanta,4042623165,american,
497,BSLSFB,2EPFR,atlanta,4042641334,continental,
498,BRTLNS,3PRPP,atlanta,4042332333,italian,
499,BSTNK,1PS,atlanta,4047240901,mediterranean,
500,KFRNSN,7JCBN,atlanta,7704410291,american,
501,KMLS,1NHA,atlanta,4048727203,italian,
502,KSS,3PRGH,atlanta,4043658100,mediterranean,
503,STKRL,5HP,atlanta,4045242489,international,
504,KKLK,4BCMOTSMB,atlanta,4043640212,caribbean,
505,KLNTRS,1CBR,atlanta,4048745642,southern,
506,TNTSTN,3PR,atlanta,4042661600,continental,
507,TNTSTN,UUMUA,atlanta,4045771800,continental,
508,FTMTSR,1PANCBR,atlanta,4046071622,barbecue,
509,FRNXKR,9PSA8S,atlanta,4048752489,southern,
510,HLTBRS,6JCBABHN,atlanta,7702423984,barbecue,
511,HRSRTX,4PFR,atlanta,4042557277,southern,
512,SSKRMT,1PCAAIB,atlanta,4046592788,asian,
513,IMPRLF,2PRPBC,atlanta,4043510870,mediterranean,
514,KMKW,3PRGH,atlanta,4048410314,asian,
515,LKRTTR,HIPARD,atlanta,7703959925,italian,
516,LTLSSX,CBHNPD,atlanta,7704510192,asian,
517,LKNTRB,6RRSSPSS,atlanta,4042555160,barbecue,
518,LNS,1PR,atlanta,4043555993,continental,
519,MMBRST,1NHA,atlanta,4048742626,caribbean,
520,MKNNSL,3MD,atlanta,4042371313,southern,
521,MSPTNW,PPAFPMD,atlanta,7703931333,italian,
522,NKMTSS,2BAEVS,atlanta,4048420334,fusion,
523,PLSTS,1PR,atlanta,4043506755,continental,
524,PLSNTP,5PSALA,atlanta,4048743223,american,
525,PRKS,5PR,atlanta,4042372941,italian,
526,RJSPTN,8NHA,atlanta,4048757775,american,
527,RBRNX,2IA,atlanta,4042337644,barbecue,
528,STSK,3BH,atlanta,4043255285,asian,
529,STSXNT,6PPN,atlanta,7704490033,asian,
530,S0STKX,1CA,atlanta,4048737358,southern,
531,S0FFRN,2CBR,atlanta,4043256963,french,
532,STRNJR,3SRC,atlanta,7704587145,southern,
533,SNTNKF,2CBR,atlanta,4043211118,american,
534,TSTFNR,8WPS,atlanta,4048745535,southern,
535,TMTM,3PR,atlanta,4042641163,continental,
536,ANTNS,3WF,las vegas,7022527737,italian,
537,BLSBKK,3LVBS,las vegas,7027394111,buffets,
538,BMBKRT,4FR,las vegas,7028713262,asian,
539,BTSTSH,4ASAFR,las vegas,7027321424,italian,
540,BRTLNS,3LVBS,las vegas,7027354663,italian,
541,BNNSKF,1FS,las vegas,7023821600,coffee shops/diners,
542,BSTR,3LVBS,las vegas,7027917111,continental,
543,BRLR,4BH,las vegas,7024327777,american,
544,BKSSTN,3LVBS,las vegas,7027333111,coffee shops/diners,
545,KFMXL,1EFR,las vegas,7027358686,american,
546,KFRM,3LVBS,las vegas,7027317547,coffee shops/diners,
547,KPSLS,3SMP,las vegas,7027315311,italian,
548,KRNFLW,3WFR,las vegas,7022527777,buffets,
549,SNTRST,1MS,las vegas,7023862512,american,
550,SRKSSR,2LVBS,las vegas,7027340410,buffets,
551,EMPRSK,3LVBS,las vegas,7027317888,asian,
552,FST,2WSA,las vegas,7023672411,buffets,
553,KLTNNK,1EFS,las vegas,7023857111,buffets,
554,KLTNST,3WSA,las vegas,7023844470,steak houses,
555,LLLNKT,1EFS,las vegas,7023857111,asian,
556,MNTRNK,1EFR,las vegas,7027371234,asian,
557,MRKRTS,3LVBS,las vegas,7027948200,mexican,
558,MRSTNR,5WBH,las vegas,7024548073,coffee shops/diners,
559,MKT,3LVBS,las vegas,7027917111,asian,
560,PMPLMS,4ESA,las vegas,7027332066,continental,
561,RLFSTN,3LVBS,las vegas,7027326330,coffee shops/diners,
562,0BKXNL,3LVBS,las vegas,7027317525,only in las vegas,
563,FNXN,3WSA,las vegas,7028764190,italian,
564,FFMRKT,6WFR,las vegas,7028718826,mexican,
565,YLS,3PR,las vegas,7027940700,steak houses,
566,,2MS,san francisco,4154310692,american,
567,AKKRL,1SS,san francisco,4155675432,italian,
568,BRTLS,2OS,san francisco,4159820243,old san francisco,
569,BTLNT,2US,san francisco,4159298855,asian,
570,BSTRRT,1SS,san francisco,4154956500,french,
571,BKS,5GS,san francisco,4154336300,american,
572,BS,5FS,san francisco,4155432222,french,
573,BKJFN,8GS,san francisco,4157767766,italian,
574,KFTRN,3FS,san francisco,4154744180,italian,
575,KFMRMB,2CS,san francisco,4157761506,mexican/latin american/spanish,
576,KLFRNK,6PS,san francisco,4157713500,french,
577,KPSKRN,1PS,san francisco,4159892589,italian,
578,KRT,1MS,san francisco,4158633516,american,
579,KFS,4AHS,san francisco,4155438060,mexican/latin american/spanish,
580,SPRSKL,5JS,san francisco,4152968555,american,
581,TSLPS,7B,san francisco,4157889900,french,
582,FS,1SS,san francisco,4153620404,greek and middle eastern,
583,FKSTTN,1BS,san francisco,4159822000,american,
584,KRTNKR,MANMS,san francisco,4155465011,old san francisco,
585,KLRTS,GS,san francisco,4157718822,asian,
586,KRNTKF,5GS,san francisco,4152920101,american,
587,KRNS,BAFM,san francisco,4157716222,vegetarian,
588,HRBRFL,4EC,san francisco,4157818833,asian,
589,HRS,2VNA,san francisco,4156731888,steak houses,
590,HRTNTN,1SS,san francisco,4158821333,american,
591,HYSSTR,3HS,san francisco,4158635545,seafood,
592,HLMNT,4B,san francisco,4153620641,greek and middle eastern,
593,HNKKNK,5GB,san francisco,4156688998,asian,
594,HNKKNK,2CS,san francisco,4157528833,asian,
595,TSTRTB,1HS,san francisco,4154417778,italian,
596,ILFRNL,1BS,san francisco,4159860100,italian,
597,ISSSTK,3SS,san francisco,4155630487,steak houses,
598,JKS,6SS,san francisco,4159869854,old san francisco,
599,KBTSX,5GB,san francisco,4157525652,asian,
600,KXS,65A,san francisco,4156689292,,
601,KLTS,2PS,san francisco,4153977720,italian,
602,KYYXRT,2NMSAMS,san francisco,4155465000,asian,
603,LSTRTL,5CA,san francisco,4159821124,italian,
604,LSNTRL,4BS,san francisco,4153912233,french,
605,LSLL,1CS,san francisco,4156684848,asian,
606,MKR0RP,6FS,san francisco,4153985700,american,
607,MNR,3MS,san francisco,4158616224,asian,
608,MKT,4GS,san francisco,4153628286,greek and middle eastern,
609,MKKRMK,GS,san francisco,4159291730,seafood,
610,MLNM,2MS,san francisco,4154879800,vegetarian,
611,MSS,1SS,san francisco,4159897800,mediterranean,
612,NR0NT,3WS,san francisco,4159311556,asian,
613,ONMRKT,1MS,san francisco,4157775577,american,
614,ORTL,1FS,san francisco,4153461333,italian,
615,PSFKPN,5PS,san francisco,4159292087,french,
616,PLTST,6SS,san francisco,4153959800,italian,
617,PNFN,3SS,san francisco,4153462111,italian,
618,PSTS,1BS,san francisco,4153912555,french,
619,PRS,1US,san francisco,4159229022,american,
620,RKLNJ,6BKS,san francisco,4159827877,or 415/982-3811 asian,
621,RBKN,5SS,san francisco,4154344100,american,
622,rumpus,1 tillman pl.,san francisco,415/421-2300,american,
623,SNP,1PS,san francisco,4153463486,asian,
624,SKLSBS,4PS,san francisco,4153958555,italian,
625,S0PRKK,1SP,san francisco,4154957275,french,
626,SPLNTT,4,san francisco,4159863222,mediterranean,
627,STRS,1RA,san francisco,4158617827,american,
628,STRSKF,5VNA,san francisco,4158614344,american,
629,STYNFS,19A,san francisco,4156643664,greek and middle eastern,
630,STRTSK,3GB,san francisco,4156681783,asian,
631,SPNKX,6HS,san francisco,4152529289,russian/german,
632,TTXKRL,2CS,san francisco,4153912373,seafood,
633,0HTS,3SS,san francisco,4154748890,french,
634,0PN,2GS,san francisco,4158639335,asian,
635,TNKNK,3GB,san francisco,4157524440,asian,
636,FRTK,6MS,san francisco,4154337250,mediterranean,
637,FFNTPR,2FS,san francisco,4153464430,italian,
638,FFNTRS,6GGA,san francisco,4156739245,italian,
639,WRLTRP,2CS,san francisco,4155639727,american,
640,wu kong,101 spear st.,san francisco,415/957-9300,asian,
641,YNKSNK,4BS,san francisco,4155414949,asian,
642,YYKSN,19A,san francisco,4155666966,greek and middle eastern,
643,YYTSMM,1PS,san francisco,4159227788,french,
644,SRSL,2HS,san francisco,4153460800,mexican/latin american/spanish,
645,SNKFKR,1MS,san francisco,4155522522,mediterranean,
646,APLPN0,1WPB,west la,3104753585,american,
647,ASHRMN,2SB,west la,3104792231,noodle shops,
648,BJFRX,3KD,westlake village,8054984049,mexican,
649,BLFTR0,9LSMB,beverly hills,3107882306,pacific new wave,
650,BNTSFR,1TSP,santa monica,3104582889,fast food,
651,BRNRTS,5SOS,los angeles,2136121580,continental,
652,BSTR,4SMA,pasadena,8187952478,californian,
653,BRNTST,1PA,northridge,8188865679,delis,
654,BRTNKF,9BW,beverly hills,3102767732,coffee shops,
655,BRSTLF,1RAS,pasadena,3106435229,californian,
656,BRNS,3CA,mar vista,3103975703,italian,
657,KFS,8LB,venice,3103991955,american,
658,KFBLNK,9LSMB,beverly hills,3108880108,pacific new wave,
659,KSLS,3WSS,la,2134808668,hamburgers,
660,KSMLNJ,1P,redondo beach,3105401222,eclectic,
661,TKLF,1NSVB,w. hollywood,3108541111,russian,
662,TNNTNS,1WB,westwood,3102091422,italian,
663,TKS,8SB,w. hollywood,3106523100,coffee shops,
664,FLFLKN,1BA,westwood,3102084444,middle eastern,
665,FSTFRM,1WB,west la,3104750400,chinese,
666,KMBPT0,6WTS,la,2139330358,cajun/creole,
667,HLWTHL,6FA,hollywood,2134677678,coffee shops,
668,INTKF,11NB,la,3108151290,indonesian,
669,JNSFML,8BB,la,2136512866,coffee shops,
670,JRF,5SMB,santa monica,3109176671,californian,
671,JTMRNS,2OFW,venice,3103061995,hot dogs,
672,JS,1AKB,venice,3103995811,american (new),
673,JNKRTS,1WPB,west la,3102040692,coffee shops,
674,JNSPST,4SSB,culver city,3103976654,delis,
675,JNRBSS,4LBB,long beach,3104237327,southern/soul,
676,JNRKTS,7MA,la,2136513361,american,
677,KLRXRM,4CA,studio city,8185081570,seafood,
678,KKMKF,6WTS,la,2139330773,american,
679,KKR,8WBB,la,2136559045,chicken,
680,LKXT,1LSMB,century city,3104704992,french (new),
681,LSLSL,2P,malibu,3104566299,mexican,
682,LSRNTT,1EF,st. boyle hts.,2132652887,mexican/tex-mex,
683,LNJRS,7SAS,la,2134838050,delis,
684,LKLNXL,3TOB,westlake village,8187067706,health food,
685,MNKRS0,1WPB,rancho park,3104757564,american,
686,MNSBKR,5SFA,la,2139388800,desserts,
687,MR0S,2SG22,st. hermosa beach,3103767786,american,
688,MKSWLS,1WB,marina del rey,3103067829,american,
689,MXLSLS,1TS,santa monica,3104510843,californian,
690,MXM,8WTS,la,2137820181,noodle shops,
691,MBTRMT,7MA,la,2139355280,hamburgers,
692,MLBRST,1VB,encino,8189068881,pizza,
693,OSNPRK,3OPB,santa monica,3104525728,american,
694,OSNSTR,1NAB,monterey park,8183082128,seafood,
695,ORJNLP,8SFSD,la,2136276879,diners,
696,PRKWKR,5SAP,pasadena,8187951001,californian,
697,FH,6B,chinatown,2136265530,vietnamese,
698,PNKSFM,7NLBA,la,2139314223,hot dogs,
699,PKTMS,2WOA,burbank,8185632252,mexican,
700,R,9ETS,los angeles,2136877178,japanese,
701,RS,2PB,santa monica,3108287937,diners,
702,RBNSRT,1VB,encino,8189056515,hot dogs,
703,RBSL,4SFOA,pasadena,8187967829,diners,
704,RSLSBR,1P,seal beach,3105969556,hamburgers,
705,R0SXRS,2SBD,beverly hills,3108598744,steakhouses,
706,XR,1MSS,pasadena,8187994774,pacific new wave,
707,SXNSW,1VB,studio city,8185087017,japanese,
708,SWTLTJ,8MA,la,2136537145,desserts,
709,TK,1SVB,brentwood,3102077782,noodle shops,
710,TMS,2BB,la,2133899060,hamburgers,
711,UNKLBL,1HA,manhattan beach,3105455177,diners,
712,WTRKRL,5SGA,los angeles,2138910900,seafood,
713,SNKXKN,1ECS,glendale,8182441937,middle eastern,
714,AFKNKB,7NA,new york city,2123071612,afghan,
715,ARKT,2E6S,new york city,2122232900,american (new),
716,BNSBRT,9AA,new york city,2122542054,mexican,
717,KFKNLX,4AA,new york city,2125957000,cuban,
718,KRNRBS,3WFS,new york city,2122429502,hamburgers,
719,KSNTLF,3BS,new york city,2122420636,italian,
720,KSNTPS,8EFS,new york city,2122606800,seafood,
721,TRBR,4W5S,new york city,2124327227,indian,
722,EJSLNX,4SA,new york city,2124735555,diners,
723,ETSNKF,2W4S,new york city,2128405000,diners,
724,ELSKRN,23S,queens,7189321510,greek,
725,KTNTT,4AA,new york city,2124960163,american,
726,KRSPPY,2B,new york city,2127990243,hot dogs,
727,ILMLN,8WTS,new york city,2126733783,italian,
728,JKSNTN,37S,queens,7186721232,indian,
729,JSXNK,9PS,queens,7185393838,chinese,
730,JNSPSR,4W6S,new york city,2127217001,pizza,
731,KLPNK,1GS,new york city,2122281212,pan-asian,
732,KF,1SA,new york city,2126744040,ukrainian,
733,kuruma zushi,2nd fl.,new york city,212-317-2802,japanese,
734,LKRTT,2B,new york city,2128742780,cuban,
735,LKRNL,3E5S,new york city,2127521495,french (classic),
736,LMNKRS,6SA,brooklyn,7183997100,thai,
737,LMBRTS,3SS,new york city,2129417994,pizza,
738,MRNSNT,4HS,new york city,2127413214,asian,
739,MNXNKT,3W5S,new york city,2122471585,japanese,
740,MTLSTW,2BS,new york city,2129891367,indian,
741,MNSNN,4AA,new york city,2125808686,thai,
742,MSTX,4AA,brooklyn,7188525555,middle eastern,
743,NB,1HS,new york city,2122190500,japanese,
744,ONFBLN,1BS,new york city,2122280822,continental,
745,OSTRBR,LL,new york city,2124906650,seafood,
746,PLM,8SA,new york city,2126872953,steakhouses,
747,PLMT,8SA,new york city,2126975198,steakhouses,
748,PTSSPS,1OFS,brooklyn,7188584300,pizza,
749,PTRLJR,1B,brooklyn,7183877400,steakhouses,
750,RSFNT,3ESS,new york city,2125335011,indian,
751,SMSNTL,4TA,new york city,2122132288,chinese,
752,SRB0S,1MA,new york city,2124107335,american,
753,SPRKSS,2E4S,new york city,2126874855,steakhouses,
754,STKTYR,55A,queens,7189373030,bbq,
755,SXS,3E5S,new york city,2127551780,japanese,
756,SLFS,3LA,new york city,2129960660,southern/soul,
757,SSXNHN,1YA,new york city,2125355223,chinese,
758,SSXNKX,1FA,new york city,2122494615,chinese,
759,TRSS,8MS,queens,7185202910,polish,
760,0HSKF,1HS,new york city,2123341085,thai,
761,0LNTRS,1BS,new york city,2123493132,thai,
762,FSLK,1SA,new york city,2122289682,ukrainian,
763,WSTSTK,6NA,new york city,2122450800,chinese,
764,WNTSN0,1F,new york city,2125247000,eclectic,
765,WLNSKS,2E4S,new york city,2127530444,steakhouses,
766,YM,1E1S,new york city,2124750969,japanese,
767,SRL,9SA,new york city,2126446740,mexican,
768,ANTRSF,4S6S,las vegas,7023855016,french (classic),
769,BKKNRB,3LVBS,las vegas,7028947350,continental,
770,BSSN0R,3WFR,las vegas,7022527697,seafood,
771,EMRLSN,3LVBS,las vegas,7028917374,seafood,
772,FRRTSR,3WFR,las vegas,7022527702,italian,
773,HKSSLR,2EFS,las vegas,7023854011,continental,
774,MTMXNK,3LVBS,las vegas,7028947111,asian,
775,MFLWRK,4WSA,las vegas,7028708432,chinese,
776,MXLSLS,3LVBS,las vegas,7027377111,continental,
777,MNTKRL,3LVBS,las vegas,7027334524,french (new),
778,MNKT,3LVBS,las vegas,7027917352,chinese,
779,MRTNSF,3LVBS,las vegas,7028930703,steakhouses,
780,NKBLRS,3PR,las vegas,7027929900,italian,
781,PRSRST,3CCD,las vegas,7023692305,italian,
782,SPKLSF,3LVBS,las vegas,7023696300,californian,
783,STKHS0,1EFS,las vegas,7023821600,steakhouses,
784,STFNS,1FS,las vegas,7023857111,italian,
785,STRLNK,3LVBS,las vegas,7027394651,eclectic,
786,TRFS,3LVBS,las vegas,7028917331,italian,
787,WST,1WPFR,atlanta,4042335993,continental,
788,ALNST0,6PS,atlanta,4047240444,sandwiches,
789,BKRSKJ,1EA,atlanta,4042235039,cajun/creole,
790,BRBKKX,1VA,atlanta,4047669906,bbq,
791,BSTR0,5EADN,atlanta,4042315733,french bistro,
792,BBJNSK,31S,atlanta,4048763872,southern/soul,
793,BRTXSR,2SPC,atlanta,4042617015,southern/soul,
794,BRKHFN,4PR,atlanta,4042315907,vegetarian,
795,KFSNFL,5RR,atlanta,4042561675,health food,
796,KN,4PFR,atlanta,7704322663,american (new),
797,KRS,1CPS,marietta,7704228042,hamburgers,
798,KRSKRN,1PFR,marietta,7709330909,hamburgers,
799,KPS,7WPFR,atlanta,4042622675,steakhouses,
800,KPSTKS,4RR,atlanta,4042554868,chinese,
801,TKNBRT,1EAS,atlanta,4045231929,southern/soul,
802,ETS,6PDLA,atlanta,4048889149,italian,
803,FLYNKB,1MA,atlanta,4046878888,eclectic,
804,FRJLRS,1PSN,atlanta,4048928226,tex-mex,
805,KRNWTS,1GS,roswell,7709925383,southern/soul,
806,HRLTSB,1MB,atlanta,4046279268,bbq,
807,HFNSNT,2BH,atlanta,4046364094,cuban,
808,HSFXN,2CP,smyrna,7709559444,chinese,
809,INTNTL,3SB,duluth,1008138212,indian,
810,JFJF,7PDLA,atlanta,4048766161,coffee shops,
811,JNRKTS,2CP,atlanta,7709556068,american,
812,KLSKFH,1CR,decatur,4043253733,coffeehouses,
813,LFNTLT,4RR,atlanta,4043038201,spanish,
814,LTSSPR,3MB,duluth,7704189969,cafeterias,
815,MJSTK,1PDLA,atlanta,4048750276,diners,
816,MRTNSF,3PSN,atlanta,4045774366,steakhouses,
817,M0,1CR,atlanta,4046364280,thai,
818,NF,3PR,atlanta,4042401984,southwestern,
819,NFLRTK,1CAN,atlanta,4043529009,mexican,
820,ORJNLP,4PR,atlanta,4042374116,american,
821,PLM0TL,3PRN,atlanta,4048141955,steakhouses,
822,RNBRST,2NDR,decatur,4046333538,vegetarian,
823,RTSKRL,1PS,atlanta,4046590400,american (new),
824,RFR,5EPFR,atlanta,4042627112,mediterranean,
825,SLFRSK,21SN,atlanta,4048741388,coffee shops,
826,ST,3PR,atlanta,4042332005,japanese,
827,0LMSKX,7MSN,atlanta,4046885855,cafeterias,
828,TRTLS,7PDLAN,atlanta,4048920193,tex-mex,
829,FNKSRS,7WCR,roswell,7709931156,american (new),
830,FKLNT,2SSC,atlanta,4042313111,vegetarian,
831,WTHSRS,3PRN,atlanta,4042377601,diners,
832,SBL,4ONH,college park,4047682705,thai,
833,BLSPLS,2CS,san francisco,4152215262,hamburgers,
834,KFFLR,2MS,san francisco,4156218579,californian,
835,KFKRK,4CA,san francisco,4153976261,continental,
836,KMPSNT,2CA,san francisco,4154339623,mexican,
837,KXXS,1HS,san francisco,4153865758,caribbean,
838,TJS,2US,san francisco,4159212149,american,
839,TTSTRB,5JS,san francisco,4158852767,diners,
840,TST0,3MS,san francisco,4158264639,thai,
841,EBS,1NA,san francisco,4155661770,japanese,
842,EMRLTK,1CS,san francisco,4156731155,vietnamese,
843,ERKSXN,1CS,san francisco,4152820919,chinese,
844,HMBRJR,1FS,san francisco,4156261985,hamburgers,
845,KLSNTR,3BS,san francisco,4153624454,californian,
846,LKMBR,5VS,san francisco,4158638205,mexican,
847,LMTTRN,2NS,san francisco,4154317210,mediterranean,
848,LTKR,2MS,san francisco,4152857117,mexican,
849,MRSBHM,2PS,san francisco,4157768226,italian,
850,MRN0,2IS,san francisco,4156659500,thai,
851,MLSTRF,3GS,san francisco,4153872244,hamburgers,
852,MSBRJR,1GS,san francisco,4157883779,hamburgers,
853,FNMPNK,6LS,san francisco,4157755979,cambodian,
854,RSFLTT,22S,san francisco,4155509213,mexican,
855,SLSKFB,3DHS,san francisco,4156266006,american,
856,SNFRNS,11S,san francisco,4154318956,thai,
857,SLNTTT,5VS,san francisco,4158618032,vietnamese,
858,SWNSTR,1PS,san francisco,4156731101,seafood,
859,0PFNM,4WS,san francisco,4154312526,thai,
860,TKS,31S,san francisco,4152527373,french,
861,TRKF,1FS,san francisco,4155632248,american,
862,TLN,8SS,san francisco,4156260927,vietnamese,
863,FKLPSR,2IS,san francisco,4158632382,pizza,
864,WHKKSK,2PS,san francisco,4157751055,mexican,
